﻿<?xml version="1.0" encoding="utf-8"?>
<deployment>
  <id>67ba44ac-e40d-4686-b35f-5c2f726a11cf</id>
  <author>N/A</author>
  <deployer>Push-Deployer</deployer>
  <authorEmail>N/A</authorEmail>
  <message>Created via a push deployment</message>
  <progress></progress>
  <status>Success</status>
  <statusText></statusText>
  <lastSuccessEndTime>2026-02-22T15:13:04.682377Z</lastSuccessEndTime>
  <receivedTime>2026-02-22T14:58:22.5948052Z</receivedTime>
  <startTime>2026-02-22T14:58:23.9484476Z</startTime>
  <endTime>2026-02-22T15:13:04.682377Z</endTime>
  <complete>True</complete>
  <is_temp>False</is_temp>
  <is_readonly>True</is_readonly>
  <containerId>72e26bc5fdb2</containerId>
  <buildSummary />
</deployment>