<step title="Incoming Request" date="2026-02-22T19:14:48.190" instance="f5e05b" url="/api/publish?type=zip" method="POST" type="request" pid="837,1,15" Accept="*/*" Host="aloure.scm.azurewebsites.net" User-Agent="AZURECLI/2.83.0 (MSI)" Accept-Encoding="gzip, deflate" Authorization="Bea..." Cache-Control="no-cache" Content-Type="application/octet-stream" Cookie="ARRAffinity=f5e05bdf2b9f554f6980fcc9b91dda07f353abca268c84e1c59b28ab91180ed5; ARRAffinitySameSite=f5e05bdf2b9f554f6980fcc9b91dda07f353abca268c84e1c59b28ab91180ed5" Content-Length="98348890" x-ms-client-request-id="b881b0ab-1022-11f1-99c6-d0657834ae1c" x-ms-artifact-checksum="be8dea08d9ff90d6abccd5681291e1f629506f4425749d705767c7d165b7f2a1" X-ARR-LOG-ID="b881b0ab-1022-11f1-99c6-d0657834ae1c" CLIENT-IP="45.115.105.221:62837" X-SITE-DEPLOYMENT-ID="Aloure" WAS-DEFAULT-HOSTNAME="aloure.scm.azurewebsites.net" X-Forwarded-Proto="https" X-AppService-Proto="https" X-Forwarded-TlsVersion="1.3" X-WAWS-Unencoded-URL="/api/publish?type=zip" X-Client-IP="45.115.105.221" X-Client-Port="62837" >
  <step title="Cleanup Xml Logs" date="2026-02-22T19:14:48.201" /><!-- duration: 11ms -->
  <step title="OneDeploy" date="2026-02-22T19:14:48.854" >
    <step title="None repository commit" date="2026-02-22T19:14:48.947" >
      <step title="Commit id: cb07c2af-05ee-48cb-997a-b7855fd9c244" date="2026-02-22T19:14:48.963" Message="N/A" AuthorName="N/A" AuthorEmail="N/A" /><!-- duration: 21ms -->
    </step><!-- duration: 46ms -->
    <step title="Starting PushDeployAsync" date="2026-02-22T19:14:49.005" /><!-- duration: 10ms -->
    <step title="Writing artifact to /tmp/zipdeploy/60295190-458e-4bcb-807d-91d027b7e5fe.zip" date="2026-02-22T19:14:49.087" >
      <step title="Writing multipart request body to /tmp/zipdeploy/60295190-458e-4bcb-807d-91d027b7e5fe.zip" date="2026-02-22T19:14:49.098" /><!-- duration: 20ms -->
    </step><!-- duration: 10457ms -->
    <step title="Attempting to fetch target branch HEAD" date="2026-02-22T19:14:59.564" /><!-- duration: 3ms -->
    <step title="Acquiring Deployment Lock" date="2026-02-22T19:14:59.575" /><!-- duration: 2ms -->
    <step title="Acquired Deployment Lock" date="2026-02-22T19:14:59.642" /><!-- duration: 3ms -->
    <step title="Performing fetch based deployment" date="2026-02-22T19:14:59.650" >
      <step title="Creating temporary deployment" date="2026-02-22T19:14:59.657" /><!-- duration: 67ms -->
      <step title="Releasing Deployment Lock" date="2026-02-22T19:15:00.974" /><!-- duration: 27ms -->
      <step title="Cleaning up temp folders from previous zip deployments and extracting pushed zip file /tmp/zipdeploy/60295190-458e-4bcb-807d-91d027b7e5fe.zip (93.79 MB) to /tmp/zipdeploy/extracted" date="2026-02-22T19:15:01.082" >
        <step title="ChmodRecursive Process exited with total time taken in ms: 489" date="2026-02-22T19:15:23.837" /><!-- duration: 13ms -->
      </step><!-- duration: 22780ms -->
      <step title="None repository commit" date="2026-02-22T19:15:23.869" >
        <step title="Commit id: cb07c2af-05ee-48cb-997a-b7855fd9c244" date="2026-02-22T19:15:23.882" Message="OneDeploy" AuthorName="N/A" AuthorEmail="N/A" /><!-- duration: 2ms -->
      </step><!-- duration: 16ms -->
      <step title="Deployment timer started" date="2026-02-22T19:15:25.904" >
        <step title="DeploymentManager.Deploy(id:cb07c2af-05ee-48cb-997a-b7855fd9c244)" date="2026-02-22T19:15:25.915" >
          <step title="Collecting changeset information" date="2026-02-22T19:15:25.937" /><!-- duration: 195ms -->
          <step title="Updating submodules" date="2026-02-22T19:15:26.151" /><!-- duration: 1155ms -->
          <step title="Determining deployment builder" date="2026-02-22T19:15:27.513" >
            <step title="Builder is OneDeployBuilder" date="2026-02-22T19:15:27.535" /><!-- duration: 2ms -->
          </step><!-- duration: 26ms -->
          <step title="PreDeployment: context.CleanOutputPath False" date="2026-02-22T19:15:27.585" >
            <step title="PreDeployment: context.OutputPath /home/site/wwwroot" date="2026-02-22T19:15:27.705" >
              <step title="Building" date="2026-02-22T19:15:27.850" >
                <step title="Executing external process" date="2026-02-22T19:15:28.693" type="process" path="starter.sh" arguments="/opt/Kudu/Scripts/absoluteTar.sh /tmp/zipdeploy/extracted/node_modules /tmp/zipdeploy/extracted/node_modules.tar.gz" 