<step title="Incoming Request" date="2026-02-22T19:26:00.252" instance="f5e05b" url="/publish?api-version=2024-11-01" method="PUT" type="request" pid="833,1,7" Accept="*/*" Host="aloure.scm.azurewebsites.net" User-Agent="python/3.13.11 (Windows-11-10.0.26200-SP0) AZURECLI/2.83.0 (MSI)" Accept-Encoding="gzip, deflate" Accept-Language="en-US" Content-Type="application/json" Expect="100-continue" Referer="https://management.azure.com/subscriptions/7936083d-79ca-4352-95fc-c70365182317/resourceGroups/AloureRG/providers/Microsoft.Web/sites/Aloure/extensions/onedeploy?api-version=2024-11-01" traceparent="00-719431eedaf6688ebdadf40bab7053b8-334fc9f46c305c7e-01" Via="1.1 Azure" Content-Length="143" x-ms-version="20140301" x-ms-client-request-id="e7779da5-eaf7-4fa3-ba90-c2ffc2b15cf8" CommandName="webapp deploy" ParameterSetName="-g -n --type --src-url" X-Azure-Ref="Ref A: 919FA17CDB5F4031AEC56CA05556E4DA Ref B: PNQ231110906052 Ref C: 2026-02-22T19:25:59Z" X-Forwarded-Host="management.azure.com" X-Forwarded-Proto="https" X-Azure-RequestChain="hops=1" X-Azure-JA4-Fingerprint="t13d1812h1_85036bcba153_b26ce05bbdd6" x-ms-operation-context="(tenantId=1102b94e-7c22-4c35-85bb-c743a209e62f,objectId=7721b5d7-0253-4e3c-9602-7f80bb406589/centralindia/f324e947-4cf8-44af-a9f4-945653dd4e9d;appId=797f4846-ba00-4fd7-ba43-dac1f8f63013,tenantId=1102b94e-7c22-4c35-85bb-c743a209e62f,objectId=7721b5d7-0253-4e3c-9602-7f80bb406589/centralindia/f39967c8-6925-41ca-9c74-d9c2474bea7e)" x-ms-arm-resource-system-data="{&quot;createdBy&quot;:&quot;kumarabhishek9771@outlook.com&quot;,&quot;createdByType&quot;:&quot;User&quot;,&quot;createdAt&quot;:&quot;2026-02-22T19:26:00.1826157Z&quot;,&quot;lastModifiedBy&quot;:&quot;kumarabhishek9771@outlook.com&quot;,&quot;lastModifiedByType&quot;:&quot;User&quot;,&quot;lastModifiedAt&quot;:&quot;2026-02-22T19:26:00.1826157Z&quot;}" x-ms-arm-request-tracking-id="abf9465e-679b-473a-95d0-ad0e16c35ac0" x-ms-correlation-request-id="abf9465e-679b-473a-95d0-ad0e16c35ac0" x-ms-routing-request-id="CENTRALINDIA:20260222T192600Z:abf9465e-679b-473a-95d0-ad0e16c35ac0" x-ms-client-location="centralindia" x-ms-home-tenant-id="1102b94e-7c22-4c35-85bb-c743a209e62f" x-ms-client-ip-address="45.115.105.221" x-ms-arm-service-request-id="ca1361ad-b911-402f-ad5c-b96a2df6c100" x-ms-management-group-ancestors="1102b94e-7c22-4c35-85bb-c743a209e62f" x-ms-client-audience="https://management.core.windows.net/" x-ms-client-scope="user_impersonation" x-ms-client-acr="1" x-ms-client-app-id="04b07795-8ddb-461a-bbee-02f9e1bf7b46" x-ms-client-app-id-acr="0" x-ms-client-tenant-id="1102b94e-7c22-4c35-85bb-c743a209e62f" x-ms-client-issuer="https://sts.windows.net/1102b94e-7c22-4c35-85bb-c743a209e62f/" x-ms-client-object-id="7721b5d7-0253-4e3c-9602-7f80bb406589" x-ms-client-puid="00037FFE12874A75" x-ms-client-alt-sec-id="1:live.com:00037FFE12874A75" x-ms-client-principal-id="00037FFE12874A75" x-ms-client-authorization-source="RoleBased" x-ms-client-identity-provider="live.com" x-ms-client-wids="62e90394-69f5-4237-9190-012177145e10, b79fbf4d-3ef9-4689-8143-76b194e85509" x-ms-client-authentication-methods="pwd" x-ms-client-principal-group-membership-source="Token" x-ms-client-family-name-encoded="S3VtYXI=" x-ms-client-given-name-encoded="QWJoaXNoZWs=" x-ms-arm-network-source="PublicNetwork" x-ms-activity-vector="IN.07" X-WAWS-Unencoded-URL="/publish?api-version=2024-11-01" x-ms-via-extensions-route="true" x-ms-geo-location="Central India" x-ms-request-id="186435a7-51c3-437f-8a13-a6fd83d96cab" X-ARR-LOG-ID="186435a7-51c3-437f-8a13-a6fd83d96cab" CLIENT-IP="104.211.81.64:9526" X-Client-IP="104.211.81.64" X-SITE-DEPLOYMENT-ID="Aloure" WAS-DEFAULT-HOSTNAME="aloure.scm.azurewebsites.net" X-AppService-Proto="https" X-Forwarded-TlsVersion="1.3" X-Client-Port="9526" >
  <step title="OneDeploy" date="2026-02-22T19:26:00.281" >
    <step title="Reading the artifact URL from request JSON" date="2026-02-22T19:26:00.287" /><!-- duration: 6ms -->
    <step title="Starting PushDeployAsync" date="2026-02-22T19:26:00.297" /><!-- duration: 2ms -->
    <step title="Reading the artifact URL from request JSON" date="2026-02-22T19:26:00.301" /><!-- duration: 7ms -->
    <step title="Set deploymentInfo.RemoteURL to https://alouredeploys.blob.core.windows.net/deployments/deploy.zip" date="2026-02-22T19:26:00.318" /><!-- duration: 2ms -->
    <step title="Writing artifact to /tmp/zipdeploy/406af5a2-2481-4e65-be93-4187e6bddc6f.zip" date="2026-02-22T19:26:00.325" >
      <step title="Writing zip file from packageUri https://alouredeploys.blob.core.windows.net/deployments/deploy.zip to /tmp/zipdeploy/406af5a2-2481-4e65-be93-4187e6bddc6f.zip" date="2026-02-22T19:26:00.327" /><!-- duration: 1ms -->
      <step title="Error occurred" date="2026-02-22T19:26:00.366" type="error" text="Failed to get content from remote packageUri. Exception:System.Net.Http.HttpRequestException: Response status code does not indicate success: 409 (Public access is not permitted on this storage account.).
   at System.Net.Http.HttpResponseMessage.EnsureSuccessStatusCode()
   at Kudu.Services.Deployment.PushDeploymentController.CopyZipFromRemoteURL(String siteName, String artifactTempPath, String remoteURL, ITracer tracer) in /tmp/KuduLite/Kudu.Services/Deployment/PushDeploymentController.cs:line 1456: Response status code does not indicate success: 409 (Public access is not permitted on this storage account.)." stackTrace="   at System.Net.Http.HttpResponseMessage.EnsureSuccessStatusCode()
   at Kudu.Services.Deployment.PushDeploymentController.CopyZipFromRemoteURL(String siteName, String artifactTempPath, String remoteURL, ITracer tracer) in /tmp/KuduLite/Kudu.Services/Deployment/PushDeploymentController.cs:line 1456" /><!-- duration: 10ms -->
    </step><!-- duration: 66ms -->
  </step><!-- duration: 112ms -->
  <step title="Error occurred" date="2026-02-22T19:26:00.407" type="error" text="Response status code does not indicate success: 409 (Public access is not permitted on this storage account.)." stackTrace="   at System.Net.Http.HttpResponseMessage.EnsureSuccessStatusCode()
   at Kudu.Services.Deployment.PushDeploymentController.CopyZipFromRemoteURL(String siteName, String artifactTempPath, String remoteURL, ITracer tracer) in /tmp/KuduLite/Kudu.Services/Deployment/PushDeploymentController.cs:line 1456
   at Kudu.Services.Deployment.PushDeploymentController.PushDeployAsync(ArtifactDeploymentInfo deploymentInfo, Boolean isAsync, HttpContext context, JObject requestJson) in /tmp/KuduLite/Kudu.Services/Deployment/PushDeploymentController.cs:line 763
   at Kudu.Services.Deployment.PushDeploymentController.OneDeploy(String type, Boolean async, String path, Nullable`1 restart, Nullable`1 clean, Boolean ignoreStack, Boolean trackDeploymentProgress, Boolean trackStatus, Boolean reset) in /tmp/KuduLite/Kudu.Services/Deployment/PushDeploymentController.cs:line 624
   at Microsoft.AspNetCore.Mvc.Infrastructure.ActionMethodExecutor.TaskOfIActionResultExecutor.Execute(ActionContext actionContext, IActionResultTypeMapper mapper, ObjectMethodExecutor executor, Object controller, Object[] arguments)
   at Microsoft.AspNetCore.Mvc.Infrastructure.ControllerActionInvoker.&lt;InvokeActionMethodAsync&gt;g__Awaited|12_0(ControllerActionInvoker invoker, ValueTask`1 actionResultValueTask)
   at Microsoft.AspNetCore.Mvc.Infrastructure.ControllerActionInvoker.&lt;InvokeNextActionFilterAsync&gt;g__Awaited|10_0(ControllerActionInvoker invoker, Task lastTask, State next, Scope scope, Object state, Boolean isCompleted)
   at Microsoft.AspNetCore.Mvc.Infrastructure.ControllerActionInvoker.Rethrow(ActionExecutedContextSealed context)
   at Microsoft.AspNetCore.Mvc.Infrastructure.ControllerActionInvoker.Next(State&amp; next, Scope&amp; scope, Object&amp; state, Boolean&amp; isCompleted)
   at Microsoft.AspNetCore.Mvc.Infrastructure.ControllerActionInvoker.&lt;InvokeInnerFilterAsync&gt;g__Awaited|13_0(ControllerActionInvoker invoker, Task lastTask, State next, Scope scope, Object state, Boolean isCompleted)
   at Microsoft.AspNetCore.Mvc.Infrastructure.ResourceInvoker.&lt;InvokeNextResourceFilter&gt;g__Awaited|25_0(ResourceInvoker invoker, Task lastTask, State next, Scope scope, Object state, Boolean isCompleted)
   at Microsoft.AspNetCore.Mvc.Infrastructure.ResourceInvoker.Rethrow(ResourceExecutedContextSealed context)
   at Microsoft.AspNetCore.Mvc.Infrastructure.ResourceInvoker.Next(State&amp; next, Scope&amp; scope, Object&amp; state, Boolean&amp; isCompleted)
   at Microsoft.AspNetCore.Mvc.Infrastructure.ResourceInvoker.&lt;InvokeFilterPipelineAsync&gt;g__Awaited|20_0(ResourceInvoker invoker, Task lastTask, State next, Scope scope, Object state, Boolean isCompleted)
   at Microsoft.AspNetCore.Mvc.Infrastructure.ResourceInvoker.&lt;InvokeAsync&gt;g__Awaited|17_0(ResourceInvoker invoker, Task task, IDisposable scope)
   at Microsoft.AspNetCore.Mvc.Infrastructure.ResourceInvoker.&lt;InvokeAsync&gt;g__Awaited|17_0(ResourceInvoker invoker, Task task, IDisposable scope)
   at Microsoft.AspNetCore.Builder.RouterMiddleware.Invoke(HttpContext httpContext)
   at Kudu.Services.Web.Startup.&lt;&gt;c.&lt;&lt;Configure&gt;b__11_7&gt;d.MoveNext() in /tmp/KuduLite/Kudu.Services.Web/Startup.cs:line 428
--- End of stack trace from previous location ---
   at Kudu.Services.Web.Tracing.TraceMiddleware.Invoke(HttpContext context) in /tmp/KuduLite/Kudu.Services.Web/Tracing/TraceMiddleware.cs:line 101" /><!-- duration: 3ms -->
  <step title="Incoming Request" date="2026-02-22T19:26:00.422" url="/Error?api-version=2024-11-01" method="PUT" type="request" pid="833,1,18" Accept="*/*" Host="aloure.scm.azurewebsites.net" User-Agent="python/3.13.11 (Windows-11-10.0.26200-SP0) AZURECLI/2.83.0 (MSI)" Accept-Encoding="gzip, deflate" Accept-Language="en-US" Content-Type="application/json" Expect="100-continue" Referer="https://management.azure.com/subscriptions/7936083d-79ca-4352-95fc-c70365182317/resourceGroups/AloureRG/providers/Microsoft.Web/sites/Aloure/extensions/onedeploy?api-version=2024-11-01" traceparent="00-719431eedaf6688ebdadf40bab7053b8-334fc9f46c305c7e-01" Via="1.1 Azure" Content-Length="143" x-ms-version="20140301" x-ms-client-request-id="e7779da5-eaf7-4fa3-ba90-c2ffc2b15cf8" CommandName="webapp deploy" ParameterSetName="-g -n --type --src-url" X-Azure-Ref="Ref A: 919FA17CDB5F4031AEC56CA05556E4DA Ref B: PNQ231110906052 Ref C: 2026-02-22T19:25:59Z" X-Forwarded-Host="management.azure.com" X-Forwarded-Proto="https" X-Azure-RequestChain="hops=1" X-Azure-JA4-Fingerprint="t13d1812h1_85036bcba153_b26ce05bbdd6" x-ms-operation-context="(tenantId=1102b94e-7c22-4c35-85bb-c743a209e62f,objectId=7721b5d7-0253-4e3c-9602-7f80bb406589/centralindia/f324e947-4cf8-44af-a9f4-945653dd4e9d;appId=797f4846-ba00-4fd7-ba43-dac1f8f63013,tenantId=1102b94e-7c22-4c35-85bb-c743a209e62f,objectId=7721b5d7-0253-4e3c-9602-7f80bb406589/centralindia/f39967c8-6925-41ca-9c74-d9c2474bea7e)" x-ms-arm-resource-system-data="{&quot;createdBy&quot;:&quot;kumarabhishek9771@outlook.com&quot;,&quot;createdByType&quot;:&quot;User&quot;,&quot;createdAt&quot;:&quot;2026-02-22T19:26:00.1826157Z&quot;,&quot;lastModifiedBy&quot;:&quot;kumarabhishek9771@outlook.com&quot;,&quot;lastModifiedByType&quot;:&quot;User&quot;,&quot;lastModifiedAt&quot;:&quot;2026-02-22T19:26:00.1826157Z&quot;}" x-ms-arm-request-tracking-id="abf9465e-679b-473a-95d0-ad0e16c35ac0" x-ms-correlation-request-id="abf9465e-679b-473a-95d0-ad0e16c35ac0" x-ms-routing-request-id="CENTRALINDIA:20260222T192600Z:abf9465e-679b-473a-95d0-ad0e16c35ac0" x-ms-client-location="centralindia" x-ms-home-tenant-id="1102b94e-7c22-4c35-85bb-c743a209e62f" x-ms-client-ip-address="45.115.105.221" x-ms-arm-service-request-id="ca1361ad-b911-402f-ad5c-b96a2df6c100" x-ms-management-group-ancestors="1102b94e-7c22-4c35-85bb-c743a209e62f" x-ms-client-audience="https://management.core.windows.net/" x-ms-client-scope="user_impersonation" x-ms-client-acr="1" x-ms-client-app-id="04b07795-8ddb-461a-bbee-02f9e1bf7b46" x-ms-client-app-id-acr="0" x-ms-client-tenant-id="1102b94e-7c22-4c35-85bb-c743a209e62f" x-ms-client-issuer="https://sts.windows.net/1102b94e-7c22-4c35-85bb-c743a209e62f/" x-ms-client-object-id="7721b5d7-0253-4e3c-9602-7f80bb406589" x-ms-client-puid="00037FFE12874A75" x-ms-client-alt-sec-id="1:live.com:00037FFE12874A75" x-ms-client-principal-id="00037FFE12874A75" x-ms-client-authorization-source="RoleBased" x-ms-client-identity-provider="live.com" x-ms-client-wids="62e90394-69f5-4237-9190-012177145e10, b79fbf4d-3ef9-4689-8143-76b194e85509" x-ms-client-authentication-methods="pwd" x-ms-client-principal-group-membership-source="Token" x-ms-client-family-name-encoded="S3VtYXI=" x-ms-client-given-name-encoded="QWJoaXNoZWs=" x-ms-arm-network-source="PublicNetwork" x-ms-activity-vector="IN.07" X-WAWS-Unencoded-URL="/publish?api-version=2024-11-01" x-ms-via-extensions-route="true" x-ms-geo-location="Central India" x-ms-request-id="186435a7-51c3-437f-8a13-a6fd83d96cab" X-ARR-LOG-ID="186435a7-51c3-437f-8a13-a6fd83d96cab" CLIENT-IP="104.211.81.64:9526" X-Client-IP="104.211.81.64" X-SITE-DEPLOYMENT-ID="Aloure" WAS-DEFAULT-HOSTNAME="aloure.scm.azurewebsites.net" X-AppService-Proto="https" X-Forwarded-TlsVersion="1.3" X-Client-Port="9526" >
    <step title="Outgoing response" date="2026-02-22T19:26:00.437" type="response" statusCode="400" statusText="BadRequest" /><!-- duration: 2ms -->
  </step><!-- duration: 29ms -->
