<step title="Incoming Request" date="2026-02-22T19:06:25.805" instance="f5e05b" url="/api/publish?type=zip" method="POST" type="request" pid="833,1,32" Accept="*/*" Host="aloure.scm.azurewebsites.net" User-Agent="AZURECLI/2.83.0 (MSI)" Accept-Encoding="gzip, deflate" Authorization="Bea..." Cache-Control="no-cache" Content-Type="application/octet-stream" Cookie="ARRAffinity=f5e05bdf2b9f554f6980fcc9b91dda07f353abca268c84e1c59b28ab91180ed5; ARRAffinitySameSite=f5e05bdf2b9f554f6980fcc9b91dda07f353abca268c84e1c59b28ab91180ed5" Content-Length="98348890" x-ms-client-request-id="8ad7f9f8-1021-11f1-854d-d0657834ae1c" x-ms-artifact-checksum="be8dea08d9ff90d6abccd5681291e1f629506f4425749d705767c7d165b7f2a1" X-ARR-LOG-ID="8ad7f9f8-1021-11f1-854d-d0657834ae1c" CLIENT-IP="45.115.105.221:57899" X-SITE-DEPLOYMENT-ID="Aloure" WAS-DEFAULT-HOSTNAME="aloure.scm.azurewebsites.net" X-Forwarded-Proto="https" X-AppService-Proto="https" X-Forwarded-TlsVersion="1.3" X-WAWS-Unencoded-URL="/api/publish?type=zip" X-Client-IP="45.115.105.221" X-Client-Port="57899" >
  <step title="OneDeploy" date="2026-02-22T19:06:25.996" >
    <step title="Starting PushDeployAsync" date="2026-02-22T19:06:26.088" /><!-- duration: 17ms -->
    <step title="Writing artifact to /tmp/zipdeploy/f4ae2473-4ef7-4a59-83fe-8f1119e5dcf0.zip" date="2026-02-22T19:06:26.136" >
      <step title="Writing multipart request body to /tmp/zipdeploy/f4ae2473-4ef7-4a59-83fe-8f1119e5dcf0.zip" date="2026-02-22T19:06:26.146" /><!-- duration: 9ms -->
    </step><!-- duration: 16734ms -->
    <step title="Attempting to fetch target branch HEAD" date="2026-02-22T19:06:42.880" /><!-- duration: 3ms -->
    <step title="Acquiring Deployment Lock" date="2026-02-22T19:06:42.889" /><!-- duration: 3ms -->
    <step title="Acquired Deployment Lock" date="2026-02-22T19:06:42.928" /><!-- duration: 2ms -->
    <step title="Performing fetch based deployment" date="2026-02-22T19:06:42.936" >
      <step title="Creating temporary deployment" date="2026-02-22T19:06:42.954" /><!-- duration: 44ms -->
      <step title="Releasing Deployment Lock" date="2026-02-22T19:06:44.270" /><!-- duration: 18ms -->
      <step title="Cleaning up temp folders from previous zip deployments and extracting pushed zip file /tmp/zipdeploy/f4ae2473-4ef7-4a59-83fe-8f1119e5dcf0.zip (93.79 MB) to /tmp/zipdeploy/extracted" date="2026-02-22T19:06:44.437" >
        <step title="ChmodRecursive Process exited with total time taken in ms: 86" date="2026-02-22T19:07:15.126" /><!-- duration: 19ms -->
      </step><!-- duration: 30760ms -->
      <step title="None repository commit" date="2026-02-22T19:07:15.244" >
        <step title="Commit id: 8af93302-d4e3-4e06-93fc-cb4f3a67d98e" date="2026-02-22T19:07:15.256" Message="OneDeploy" AuthorName="N/A" AuthorEmail="N/A" /><!-- duration: 10ms -->
      </step><!-- duration: 32ms -->
      <step title="Deployment timer started" date="2026-02-22T19:07:17.546" >
        <step title="DeploymentManager.Deploy(id:8af93302-d4e3-4e06-93fc-cb4f3a67d98e)" date="2026-02-22T19:07:17.568" >
          <step title="Collecting changeset information" date="2026-02-22T19:07:17.667" /><!-- duration: 318ms -->
          <step title="Updating submodules" date="2026-02-22T19:07:18.006" /><!-- duration: 1373ms -->
          <step title="Determining deployment builder" date="2026-02-22T19:07:19.973" >
            <step title="Builder is OryxBuilder" date="2026-02-22T19:07:20.011" /><!-- duration: 2ms -->
          </step><!-- duration: 67ms -->
          <step title="PreDeployment: context.CleanOutputPath False" date="2026-02-22T19:07:20.222" >
            <step title="PreDeployment: context.OutputPath /home/site/wwwroot" date="2026-02-22T19:07:20.573" >
              <step title="Building" date="2026-02-22T19:07:20.843" >
                <step title="Executing external process" date="2026-02-22T19:07:22.170" type="process" path="bash" arguments="-c &quot;oryx build /tmp/zipdeploy/extracted -o /home/site/wwwroot --platform nodejs --platform-version 20 -p virtualenv_name= --log-file /tmp/build-debug.log  -i /tmp/8de72459a511892 -p compress_node_modules=tar-gz | tee /tmp/oryx-build.log ; exit $PIPESTATUS &quot;" >
                  <step title="Cpu: npm install(4984,26.590s)+build.sh(4885,0.040s)+oryx(4861,10.340s)+tee(4862,0.010s)+bash(4860,0.000s)=total(36.950s)" date="2026-02-22T19:08:49.346" /><!-- duration: 21ms -->
                  <step title="bash: no io activity for 61s, prev-cpu=-1.000s, current-cpu=36.950s" date="2026-02-22T19:08:50.445" /><!-- duration: 5ms -->
                  <step title="Cpu: npm install(4984,61.560s)+build.sh(4885,0.040s)+oryx(4861,10.650s)+tee(4862,0.010s)+bash(4860,0.000s)=total(72.260s)" date="2026-02-22T19:09:56.028" /><!-- duration: 20ms -->
                  <step title="bash: no io activity for 123s, prev-cpu=36.950s, current-cpu=72.260s" date="2026-02-22T19:09:56.097" /><!-- duration: 21ms -->
                  <step title="Cpu: npm install(4984,94.000s)+build.sh(4885,0.040s)+oryx(4861,10.760s)+tee(4862,0.010s)+bash(4860,0.000s)=total(104.650s)" date="2026-02-22T19:10:57.303" /><!-- duration: 70ms -->
                  <step title="bash: no io activity for 189s, prev-cpu=72.260s, current-cpu=104.650s" date="2026-02-22T19:10:57.486" /><!-- duration: 19ms -->
                  <step title="Cpu: npm install(4984,126.050s)+build.sh(4885,0.040s)+oryx(4861,10.850s)+tee(4862,0.010s)+bash(4860,0.000s)=total(136.930s)" date="2026-02-22T19:11:58.851" /><!-- duration: 102ms -->
                  <step title="bash: no io activity for 250s, prev-cpu=104.650s, current-cpu=136.930s" date="2026-02-22T19:11:59.135" /><!-- duration: 39ms -->
                  <step title="Cpu: npm install(4984,133.460s)+build.sh(4885,0.040s)+oryx(4861,11.030s)+tee(4862,0.010s)+bash(4860,0.000s)=total(144.520s)" date="2026-02-22T19:13:01.497" /><!-- duration: 138ms -->
                  <step title="bash: no io activity for 312s, prev-cpu=136.930s, current-cpu=144.520s" date="2026-02-22T19:13:02.107" /><!-- duration: 41ms -->
                  <step title="Error occurred" date="2026-02-22T19:14:14.773" type="error" text="GetParentProcessLinux (5111) failed.: Could not find a part of the path &apos;/proc/5111/stat&apos;." stackTrace="   at Interop.ThrowExceptionForIoErrno(ErrorInfo errorInfo, String path, Boolean isDirError)
   at Microsoft.Win32.SafeHandles.SafeFileHandle.Open(String fullPath, FileMode mode, FileAccess access, FileShare share, FileOptions options, Int64 preallocationSize, UnixFileMode openPermissions, Int64&amp; fileLength, UnixFileMode&amp; filePermissions, Boolean failForSymlink, Boolean&amp; wasSymlink, Func`4 createOpenException)
   at System.IO.Strategies.OSFileStreamStrategy..ctor(String path, FileMode mode, FileAccess access, FileShare share, FileOptions options, Int64 preallocationSize, Nullable`1 unixCreateMode)
   at Kudu.Core.Infrastructure.ProcessExtensions.GetParentProcessLinux(Process process, ITracer tracer) in /tmp/KuduLite/Kudu.Core/Infrastructure/ProcessExtensions.cs:line 153" /><!-- duration: 4ms -->
                  <step title="Cpu: npm install(4984,141.050s)+build.sh(4885,0.040s)+oryx(4861,11.070s)+tee(4862,0.010s)+bash(4860,0.000s)=total(152.170s)" date="2026-02-22T19:14:14.795" /><!-- duration: 29ms -->
                  <step title="bash: no io activity for 376s, prev-cpu=144.520s, current-cpu=152.170s" date="2026-02-22T19:14:14.833" /><!-- duration: 11ms -->
