<step title="Incoming Request" date="2026-02-22T19:26:45.477" instance="f5e05b" url="/publish?api-version=2024-11-01" method="PUT" type="request" pid="833,1,21" Accept="*/*" Host="aloure.scm.azurewebsites.net" User-Agent="python/3.13.11 (Windows-11-10.0.26200-SP0) AZURECLI/2.83.0" Accept-Encoding="gzip, deflate" Accept-Language="en-US" Content-Type="application/json" Cookie="ARRAffinity=f5e05bdf2b9f554f6980fcc9b91dda07f353abca268c84e1c59b28ab91180ed5" Expect="100-continue" Referer="https://management.azure.com/subscriptions/7936083d-79ca-4352-95fc-c70365182317/resourceGroups/AloureRG/providers/Microsoft.Web/sites/Aloure/instances/f5e05bdf2b9f554f6980fcc9b91dda07f353abca268c84e1c59b28ab91180ed5/extensions/onedeploy?api-version=2024-11-01" traceparent="00-f9f84c9b16e80fad53a51c18150f4d21-ff5f6813d3893813-01" Via="1.1 Azure" Content-Length="230" x-ms-version="20140301" x-ms-client-request-id="1a39fd6e-d204-4ed5-8846-5f257d3e382b" CommandName="webapp deploy" ParameterSetName="-g -n --type --src-url" X-Azure-Ref="Ref A: 70FEDBEE493C4716AB41FA5BF91843BE Ref B: PNQ231110909031 Ref C: 2026-02-22T19:26:45Z" X-Forwarded-Host="management.azure.com" X-Forwarded-Proto="https" X-Azure-RequestChain="hops=1" X-Azure-JA4-Fingerprint="t13d1812h1_85036bcba153_b26ce05bbdd6" x-ms-operation-context="(tenantId=1102b94e-7c22-4c35-85bb-c743a209e62f,objectId=7721b5d7-0253-4e3c-9602-7f80bb406589/centralindia/d282ec70-b4c2-4701-93e1-823ec858ea4a;appId=797f4846-ba00-4fd7-ba43-dac1f8f63013,tenantId=1102b94e-7c22-4c35-85bb-c743a209e62f,objectId=7721b5d7-0253-4e3c-9602-7f80bb406589/centralindia/5f5fcb74-3205-4eba-9b74-f8a28e62e359)" x-ms-arm-resource-system-data="{&quot;createdBy&quot;:&quot;kumarabhishek9771@outlook.com&quot;,&quot;createdByType&quot;:&quot;User&quot;,&quot;createdAt&quot;:&quot;2026-02-22T19:26:45.4026152Z&quot;,&quot;lastModifiedBy&quot;:&quot;kumarabhishek9771@outlook.com&quot;,&quot;lastModifiedByType&quot;:&quot;User&quot;,&quot;lastModifiedAt&quot;:&quot;2026-02-22T19:26:45.4026152Z&quot;}" x-ms-arm-request-tracking-id="072bb16d-e409-4848-8404-127b27d3affa" x-ms-correlation-request-id="072bb16d-e409-4848-8404-127b27d3affa" x-ms-routing-request-id="CENTRALINDIA:20260222T192645Z:072bb16d-e409-4848-8404-127b27d3affa" x-ms-client-location="centralindia" x-ms-home-tenant-id="1102b94e-7c22-4c35-85bb-c743a209e62f" x-ms-client-ip-address="45.115.105.221" x-ms-arm-service-request-id="8c303cc1-3165-4bf0-847e-68255d9be64e" x-ms-management-group-ancestors="1102b94e-7c22-4c35-85bb-c743a209e62f" x-ms-client-audience="https://management.core.windows.net/" x-ms-client-scope="user_impersonation" x-ms-client-acr="1" x-ms-client-app-id="04b07795-8ddb-461a-bbee-02f9e1bf7b46" x-ms-client-app-id-acr="0" x-ms-client-tenant-id="1102b94e-7c22-4c35-85bb-c743a209e62f" x-ms-client-issuer="https://sts.windows.net/1102b94e-7c22-4c35-85bb-c743a209e62f/" x-ms-client-object-id="7721b5d7-0253-4e3c-9602-7f80bb406589" x-ms-client-puid="00037FFE12874A75" x-ms-client-alt-sec-id="1:live.com:00037FFE12874A75" x-ms-client-principal-id="00037FFE12874A75" x-ms-client-authorization-source="RoleBased" x-ms-client-identity-provider="live.com" x-ms-client-wids="62e90394-69f5-4237-9190-012177145e10, b79fbf4d-3ef9-4689-8143-76b194e85509" x-ms-client-authentication-methods="pwd" x-ms-client-principal-group-membership-source="Token" x-ms-client-family-name-encoded="S3VtYXI=" x-ms-client-given-name-encoded="QWJoaXNoZWs=" x-ms-arm-network-source="PublicNetwork" x-ms-activity-vector="IN.07" X-WAWS-Unencoded-URL="/publish?api-version=2024-11-01" x-ms-via-extensions-route="true" x-ms-geo-location="Central India" x-ms-request-id="d3e0d86a-2df6-4b3e-9e14-f0e7a29f0cb0" X-ARR-LOG-ID="d3e0d86a-2df6-4b3e-9e14-f0e7a29f0cb0" CLIENT-IP="104.211.81.64:9525" X-Client-IP="104.211.81.64" X-SITE-DEPLOYMENT-ID="Aloure" WAS-DEFAULT-HOSTNAME="aloure.scm.azurewebsites.net" X-AppService-Proto="https" X-Forwarded-TlsVersion="1.3" X-Client-Port="9525" >
  <step title="OneDeploy" date="2026-02-22T19:26:45.489" >
    <step title="Reading the artifact URL from request JSON" date="2026-02-22T19:26:45.499" /><!-- duration: 11ms -->
    <step title="Starting PushDeployAsync" date="2026-02-22T19:26:45.521" /><!-- duration: 2ms -->
    <step title="Reading the artifact URL from request JSON" date="2026-02-22T19:26:45.527" /><!-- duration: 9ms -->
    <step title="Set deploymentInfo.RemoteURL to https://alouredeploys.blob.core.windows.net/deployments/deploy.zip" date="2026-02-22T19:26:45.539" /><!-- duration: 9ms -->
    <step title="Writing artifact to /tmp/zipdeploy/26801887-8052-45b1-8390-5e18a28c0603.zip" date="2026-02-22T19:26:45.557" >
      <step title="Writing zip file from packageUri https://alouredeploys.blob.core.windows.net/deployments/deploy.zip to /tmp/zipdeploy/26801887-8052-45b1-8390-5e18a28c0603.zip" date="2026-02-22T19:26:45.559" /><!-- duration: 2ms -->
    </step><!-- duration: 3614ms -->
    <step title="Start deployment in the background" date="2026-02-22T19:26:49.393" >
      <step title="Acquiring Deployment Lock" date="2026-02-22T19:26:49.421" /><!-- duration: 10ms -->
      <step title="Acquired Deployment Lock" date="2026-02-22T19:26:49.486" /><!-- duration: 2ms -->
    </step><!-- duration: 164ms -->
    <step title="Redirecting to deployment status URL: https://management.azure.com/subscriptions/7936083d-79ca-4352-95fc-c70365182317/resourceGroups/AloureRG/providers/Microsoft.Web/sites/Aloure/deployments/latest?api-version=2024-11-01&amp;deployer=OneDeploy&amp;time=2026-02-22_19-26-49Z" date="2026-02-22T19:26:49.562" /><!-- duration: 2ms -->
    <step title="DeploymentManager.GetResults" date="2026-02-22T19:26:49.573" /><!-- duration: 634ms -->
  </step><!-- duration: 4730ms -->
  <step title="Outgoing response" date="2026-02-22T19:26:50.228" type="response" statusCode="202" statusText="Accepted" /><!-- duration: 21ms -->
</step><!-- duration: 4774ms -->
