<step title="Incoming Request" date="2026-02-22T19:12:43.121" instance="f5e05b" url="/api/deployments/" method="GET" type="request" pid="833,1,18" Accept="*/*" Host="aloure.scm.azurewebsites.net" User-Agent="AZURECLI/2.83.0 (MSI)" Accept-Encoding="gzip, deflate" Authorization="Bea..." x-ms-client-request-id="6fa8e271-1022-11f1-82ab-d0657834ae1c" X-ARR-LOG-ID="6fa8e271-1022-11f1-82ab-d0657834ae1c" CLIENT-IP="45.115.105.221:65367" X-SITE-DEPLOYMENT-ID="Aloure" WAS-DEFAULT-HOSTNAME="aloure.scm.azurewebsites.net" X-Forwarded-Proto="https" X-AppService-Proto="https" X-Forwarded-TlsVersion="1.3" X-WAWS-Unencoded-URL="/api/deployments/" X-Client-IP="45.115.105.221" X-Client-Port="65367" >
  <step title="Cleanup Xml Logs" date="2026-02-22T19:12:43.562" /><!-- duration: 181ms -->
  <step title="DeploymentService.GetCurrentEtag" date="2026-02-22T19:12:46.130" >
    <step title="Current Etag: &quot;8de7245bbaa2b42&quot;, Cached Etag: &quot;8de7245f5ca9225&quot;" date="2026-02-22T19:12:47.064" /><!-- duration: 11ms -->
  </step><!-- duration: 955ms -->
  <step title="DeploymentService.GetDeployResults" date="2026-02-22T19:12:47.096" >
    <step title="DeploymentManager.GetResults" date="2026-02-22T19:12:47.514" /><!-- duration: 13261ms -->
  </step><!-- duration: 13872ms -->
  <step title="Outgoing response" date="2026-02-22T19:13:05.109" type="response" statusCode="200" statusText="OK" /><!-- duration: 683ms -->
</step><!-- duration: 22729ms -->
