<step title="Incoming Request" date="2026-02-22T19:25:58.911" instance="f5e05b" url="/publish?api-version=2024-11-01" method="PUT" type="request" pid="833,1,7" Accept="*/*" Host="aloure.scm.azurewebsites.net" User-Agent="python/3.13.11 (Windows-11-10.0.26200-SP0) AZURECLI/2.83.0 (MSI)" Accept-Encoding="gzip, deflate" Accept-Language="en-US" Content-Type="application/json" Cookie="ARRAffinity=f5e05bdf2b9f554f6980fcc9b91dda07f353abca268c84e1c59b28ab91180ed5" Expect="100-continue" Referer="https://management.azure.com/subscriptions/7936083d-79ca-4352-95fc-c70365182317/resourceGroups/AloureRG/providers/Microsoft.Web/sites/Aloure/instances/f5e05bdf2b9f554f6980fcc9b91dda07f353abca268c84e1c59b28ab91180ed5/extensions/onedeploy?api-version=2024-11-01" traceparent="00-5b0aed668289fdcd3e7e3c311b6873d3-8e7713b0e83e72fa-01" Via="1.1 Azure" Content-Length="143" x-ms-version="20140301" x-ms-client-request-id="b03741aa-1e28-4f2a-91f6-46a16a1fe449" CommandName="webapp deploy" ParameterSetName="-g -n --type --src-url" X-Azure-Ref="Ref A: F4B09DFFAFC54B1AA5B0116AAF1016E4 Ref B: PNQ231110908031 Ref C: 2026-02-22T19:25:58Z" X-Forwarded-Host="management.azure.com" X-Forwarded-Proto="https" X-Azure-RequestChain="hops=1" X-Azure-JA4-Fingerprint="t13d1812h1_85036bcba153_b26ce05bbdd6" x-ms-operation-context="(tenantId=1102b94e-7c22-4c35-85bb-c743a209e62f,objectId=7721b5d7-0253-4e3c-9602-7f80bb406589/centralindia/3593a019-d976-42e3-be85-66037b25a959;appId=797f4846-ba00-4fd7-ba43-dac1f8f63013,tenantId=1102b94e-7c22-4c35-85bb-c743a209e62f,objectId=7721b5d7-0253-4e3c-9602-7f80bb406589/centralindia/9e4fddb7-5121-4a49-addb-fd4fe8588276)" x-ms-arm-resource-system-data="{&quot;createdBy&quot;:&quot;kumarabhishek9771@outlook.com&quot;,&quot;createdByType&quot;:&quot;User&quot;,&quot;createdAt&quot;:&quot;2026-02-22T19:25:58.8068821Z&quot;,&quot;lastModifiedBy&quot;:&quot;kumarabhishek9771@outlook.com&quot;,&quot;lastModifiedByType&quot;:&quot;User&quot;,&quot;lastModifiedAt&quot;:&quot;2026-02-22T19:25:58.8068821Z&quot;}" x-ms-arm-request-tracking-id="06fdb549-0134-4643-a72a-5dc787516952" x-ms-correlation-request-id="06fdb549-0134-4643-a72a-5dc787516952" x-ms-routing-request-id="CENTRALINDIA:20260222T192558Z:06fdb549-0134-4643-a72a-5dc787516952" x-ms-client-location="centralindia" x-ms-home-tenant-id="1102b94e-7c22-4c35-85bb-c743a209e62f" x-ms-client-ip-address="45.115.105.221" x-ms-arm-service-request-id="1e0fd960-d313-4ef3-be5c-4de4846e3dec" x-ms-management-group-ancestors="1102b94e-7c22-4c35-85bb-c743a209e62f" x-ms-client-audience="https://management.core.windows.net/" x-ms-client-scope="user_impersonation" x-ms-client-acr="1" x-ms-client-app-id="04b07795-8ddb-461a-bbee-02f9e1bf7b46" x-ms-client-app-id-acr="0" x-ms-client-tenant-id="1102b94e-7c22-4c35-85bb-c743a209e62f" x-ms-client-issuer="https://sts.windows.net/1102b94e-7c22-4c35-85bb-c743a209e62f/" x-ms-client-object-id="7721b5d7-0253-4e3c-9602-7f80bb406589" x-ms-client-puid="00037FFE12874A75" x-ms-client-alt-sec-id="1:live.com:00037FFE12874A75" x-ms-client-principal-id="00037FFE12874A75" x-ms-client-authorization-source="RoleBased" x-ms-client-identity-provider="live.com" x-ms-client-wids="62e90394-69f5-4237-9190-012177145e10, b79fbf4d-3ef9-4689-8143-76b194e85509" x-ms-client-authentication-methods="pwd" x-ms-client-principal-group-membership-source="Token" x-ms-client-family-name-encoded="S3VtYXI=" x-ms-client-given-name-encoded="QWJoaXNoZWs=" x-ms-arm-network-source="PublicNetwork" x-ms-activity-vector="IN.07" X-WAWS-Unencoded-URL="/publish?api-version=2024-11-01" x-ms-via-extensions-route="true" x-ms-geo-location="Central India" x-ms-request-id="87bc3109-8a33-4da0-875b-f832c9075590" X-ARR-LOG-ID="87bc3109-8a33-4da0-875b-f832c9075590" CLIENT-IP="104.211.81.64:1042" X-Client-IP="104.211.81.64" X-SITE-DEPLOYMENT-ID="Aloure" WAS-DEFAULT-HOSTNAME="aloure.scm.azurewebsites.net" X-AppService-Proto="https" X-Forwarded-TlsVersion="1.3" X-Client-Port="1042" >
  <step title="OneDeploy" date="2026-02-22T19:25:58.981" >
    <step title="Reading the artifact URL from request JSON" date="2026-02-22T19:25:59.003" /><!-- duration: 27ms -->
    <step title="Starting PushDeployAsync" date="2026-02-22T19:25:59.071" /><!-- duration: 2ms -->
    <step title="Reading the artifact URL from request JSON" date="2026-02-22T19:25:59.082" /><!-- duration: 21ms -->
    <step title="Set deploymentInfo.RemoteURL to https://alouredeploys.blob.core.windows.net/deployments/deploy.zip" date="2026-02-22T19:25:59.121" /><!-- duration: 19ms -->
    <step title="Writing artifact to /tmp/zipdeploy/384a9793-830a-4e1d-a841-64da46996cd4.zip" date="2026-02-22T19:25:59.221" >
      <step title="Writing zip file from packageUri https://alouredeploys.blob.core.windows.net/deployments/deploy.zip to /tmp/zipdeploy/384a9793-830a-4e1d-a841-64da46996cd4.zip" date="2026-02-22T19:25:59.232" /><!-- duration: 11ms -->
      <step title="Error occurred" date="2026-02-22T19:25:59.403" type="error" text="Failed to get content from remote packageUri. Exception:System.Net.Http.HttpRequestException: Response status code does not indicate success: 409 (Public access is not permitted on this storage account.).
   at System.Net.Http.HttpResponseMessage.EnsureSuccessStatusCode()
   at Kudu.Services.Deployment.PushDeploymentController.CopyZipFromRemoteURL(String siteName, String artifactTempPath, String remoteURL, ITracer tracer) in /tmp/KuduLite/Kudu.Services/Deployment/PushDeploymentController.cs:line 1456: Response status code does not indicate success: 409 (Public access is not permitted on this storage account.)." stackTrace="   at System.Net.Http.HttpResponseMessage.EnsureSuccessStatusCode()
   at Kudu.Services.Deployment.PushDeploymentController.CopyZipFromRemoteURL(String siteName, String artifactTempPath, String remoteURL, ITracer tracer) in /tmp/KuduLite/Kudu.Services/Deployment/PushDeploymentController.cs:line 1456" /><!-- duration: 31ms -->
    </step><!-- duration: 232ms -->
  </step><!-- duration: 494ms -->
  <step title="Error occurred" date="2026-02-22T19:25:59.525" type="error" text="Response status code does not indicate success: 409 (Public access is not permitted on this storage account.)." stackTrace="   at System.Net.Http.HttpResponseMessage.EnsureSuccessStatusCode()
   at Kudu.Services.Deployment.PushDeploymentController.CopyZipFromRemoteURL(String siteName, String artifactTempPath, String remoteURL, ITracer tracer) in /tmp/KuduLite/Kudu.Services/Deployment/PushDeploymentController.cs:line 1456
   at Kudu.Services.Deployment.PushDeploymentController.PushDeployAsync(ArtifactDeploymentInfo deploymentInfo, Boolean isAsync, HttpContext context, JObject requestJson) in /tmp/KuduLite/Kudu.Services/Deployment/PushDeploymentController.cs:line 763
   at Kudu.Services.Deployment.PushDeploymentController.OneDeploy(String type, Boolean async, String path, Nullable`1 restart, Nullable`1 clean, Boolean ignoreStack, Boolean trackDeploymentProgress, Boolean trackStatus, Boolean reset) in /tmp/KuduLite/Kudu.Services/Deployment/PushDeploymentController.cs:line 624
   at Microsoft.AspNetCore.Mvc.Infrastructure.ActionMethodExecutor.TaskOfIActionResultExecutor.Execute(ActionContext actionContext, IActionResultTypeMapper mapper, ObjectMethodExecutor executor, Object controller, Object[] arguments)
   at Microsoft.AspNetCore.Mvc.Infrastructure.ControllerActionInvoker.&lt;InvokeActionMethodAsync&gt;g__Awaited|12_0(ControllerActionInvoker invoker, ValueTask`1 actionResultValueTask)
   at Microsoft.AspNetCore.Mvc.Infrastructure.ControllerActionInvoker.&lt;InvokeNextActionFilterAsync&gt;g__Awaited|10_0(ControllerActionInvoker invoker, Task lastTask, State next, Scope scope, Object state, Boolean isCompleted)
   at Microsoft.AspNetCore.Mvc.Infrastructure.ControllerActionInvoker.Rethrow(ActionExecutedContextSealed context)
   at Microsoft.AspNetCore.Mvc.Infrastructure.ControllerActionInvoker.Next(State&amp; next, Scope&amp; scope, Object&amp; state, Boolean&amp; isCompleted)
   at Microsoft.AspNetCore.Mvc.Infrastructure.ControllerActionInvoker.&lt;InvokeInnerFilterAsync&gt;g__Awaited|13_0(ControllerActionInvoker invoker, Task lastTask, State next, Scope scope, Object state, Boolean isCompleted)
   at Microsoft.AspNetCore.Mvc.Infrastructure.ResourceInvoker.&lt;InvokeNextResourceFilter&gt;g__Awaited|25_0(ResourceInvoker invoker, Task lastTask, State next, Scope scope, Object state, Boolean isCompleted)
   at Microsoft.AspNetCore.Mvc.Infrastructure.ResourceInvoker.Rethrow(ResourceExecutedContextSealed context)
   at Microsoft.AspNetCore.Mvc.Infrastructure.ResourceInvoker.Next(State&amp; next, Scope&amp; scope, Object&amp; state, Boolean&amp; isCompleted)
   at Microsoft.AspNetCore.Mvc.Infrastructure.ResourceInvoker.&lt;InvokeFilterPipelineAsync&gt;g__Awaited|20_0(ResourceInvoker invoker, Task lastTask, State next, Scope scope, Object state, Boolean isCompleted)
   at Microsoft.AspNetCore.Mvc.Infrastructure.ResourceInvoker.&lt;InvokeAsync&gt;g__Awaited|17_0(ResourceInvoker invoker, Task task, IDisposable scope)
   at Microsoft.AspNetCore.Mvc.Infrastructure.ResourceInvoker.&lt;InvokeAsync&gt;g__Awaited|17_0(ResourceInvoker invoker, Task task, IDisposable scope)
   at Microsoft.AspNetCore.Builder.RouterMiddleware.Invoke(HttpContext httpContext)
   at Kudu.Services.Web.Startup.&lt;&gt;c.&lt;&lt;Configure&gt;b__11_7&gt;d.MoveNext() in /tmp/KuduLite/Kudu.Services.Web/Startup.cs:line 428
--- End of stack trace from previous location ---
   at Kudu.Services.Web.Tracing.TraceMiddleware.Invoke(HttpContext context) in /tmp/KuduLite/Kudu.Services.Web/Tracing/TraceMiddleware.cs:line 101" /><!-- duration: 18ms -->
  <step title="Incoming Request" date="2026-02-22T19:25:59.617" url="/Error?api-version=2024-11-01" method="PUT" type="request" pid="833,1,18" Accept="*/*" Host="aloure.scm.azurewebsites.net" User-Agent="python/3.13.11 (Windows-11-10.0.26200-SP0) AZURECLI/2.83.0 (MSI)" Accept-Encoding="gzip, deflate" Accept-Language="en-US" Content-Type="application/json" Cookie="ARRAffinity=f5e05bdf2b9f554f6980fcc9b91dda07f353abca268c84e1c59b28ab91180ed5" Expect="100-continue" Referer="https://management.azure.com/subscriptions/7936083d-79ca-4352-95fc-c70365182317/resourceGroups/AloureRG/providers/Microsoft.Web/sites/Aloure/instances/f5e05bdf2b9f554f6980fcc9b91dda07f353abca268c84e1c59b28ab91180ed5/extensions/onedeploy?api-version=2024-11-01" traceparent="00-5b0aed668289fdcd3e7e3c311b6873d3-8e7713b0e83e72fa-01" Via="1.1 Azure" Content-Length="143" x-ms-version="20140301" x-ms-client-request-id="b03741aa-1e28-4f2a-91f6-46a16a1fe449" CommandName="webapp deploy" ParameterSetName="-g -n --type --src-url" X-Azure-Ref="Ref A: F4B09DFFAFC54B1AA5B0116AAF1016E4 Ref B: PNQ231110908031 Ref C: 2026-02-22T19:25:58Z" X-Forwarded-Host="management.azure.com" X-Forwarded-Proto="https" X-Azure-RequestChain="hops=1" X-Azure-JA4-Fingerprint="t13d1812h1_85036bcba153_b26ce05bbdd6" x-ms-operation-context="(tenantId=1102b94e-7c22-4c35-85bb-c743a209e62f,objectId=7721b5d7-0253-4e3c-9602-7f80bb406589/centralindia/3593a019-d976-42e3-be85-66037b25a959;appId=797f4846-ba00-4fd7-ba43-dac1f8f63013,tenantId=1102b94e-7c22-4c35-85bb-c743a209e62f,objectId=7721b5d7-0253-4e3c-9602-7f80bb406589/centralindia/9e4fddb7-5121-4a49-addb-fd4fe8588276)" x-ms-arm-resource-system-data="{&quot;createdBy&quot;:&quot;kumarabhishek9771@outlook.com&quot;,&quot;createdByType&quot;:&quot;User&quot;,&quot;createdAt&quot;:&quot;2026-02-22T19:25:58.8068821Z&quot;,&quot;lastModifiedBy&quot;:&quot;kumarabhishek9771@outlook.com&quot;,&quot;lastModifiedByType&quot;:&quot;User&quot;,&quot;lastModifiedAt&quot;:&quot;2026-02-22T19:25:58.8068821Z&quot;}" x-ms-arm-request-tracking-id="06fdb549-0134-4643-a72a-5dc787516952" x-ms-correlation-request-id="06fdb549-0134-4643-a72a-5dc787516952" x-ms-routing-request-id="CENTRALINDIA:20260222T192558Z:06fdb549-0134-4643-a72a-5dc787516952" x-ms-client-location="centralindia" x-ms-home-tenant-id="1102b94e-7c22-4c35-85bb-c743a209e62f" x-ms-client-ip-address="45.115.105.221" x-ms-arm-service-request-id="1e0fd960-d313-4ef3-be5c-4de4846e3dec" x-ms-management-group-ancestors="1102b94e-7c22-4c35-85bb-c743a209e62f" x-ms-client-audience="https://management.core.windows.net/" x-ms-client-scope="user_impersonation" x-ms-client-acr="1" x-ms-client-app-id="04b07795-8ddb-461a-bbee-02f9e1bf7b46" x-ms-client-app-id-acr="0" x-ms-client-tenant-id="1102b94e-7c22-4c35-85bb-c743a209e62f" x-ms-client-issuer="https://sts.windows.net/1102b94e-7c22-4c35-85bb-c743a209e62f/" x-ms-client-object-id="7721b5d7-0253-4e3c-9602-7f80bb406589" x-ms-client-puid="00037FFE12874A75" x-ms-client-alt-sec-id="1:live.com:00037FFE12874A75" x-ms-client-principal-id="00037FFE12874A75" x-ms-client-authorization-source="RoleBased" x-ms-client-identity-provider="live.com" x-ms-client-wids="62e90394-69f5-4237-9190-012177145e10, b79fbf4d-3ef9-4689-8143-76b194e85509" x-ms-client-authentication-methods="pwd" x-ms-client-principal-group-membership-source="Token" x-ms-client-family-name-encoded="S3VtYXI=" x-ms-client-given-name-encoded="QWJoaXNoZWs=" x-ms-arm-network-source="PublicNetwork" x-ms-activity-vector="IN.07" X-WAWS-Unencoded-URL="/publish?api-version=2024-11-01" x-ms-via-extensions-route="true" x-ms-geo-location="Central India" x-ms-request-id="87bc3109-8a33-4da0-875b-f832c9075590" X-ARR-LOG-ID="87bc3109-8a33-4da0-875b-f832c9075590" CLIENT-IP="104.211.81.64:1042" X-Client-IP="104.211.81.64" X-SITE-DEPLOYMENT-ID="Aloure" WAS-DEFAULT-HOSTNAME="aloure.scm.azurewebsites.net" X-AppService-Proto="https" X-Forwarded-TlsVersion="1.3" X-Client-Port="1042" >
    <step title="Outgoing response" date="2026-02-22T19:25:59.622" type="response" statusCode="400" statusText="BadRequest" /><!-- duration: 8ms -->
  </step><!-- duration: 28ms -->
