<step title="Incoming Request" date="2026-02-22T19:12:27.431" instance="f5e05b" url="/api/publish?type=zip" method="POST" type="request" pid="833,1,18" Accept="*/*" Host="aloure.scm.azurewebsites.net" User-Agent="AZURECLI/2.83.0 (MSI)" Accept-Encoding="gzip, deflate" Authorization="Bea..." Cache-Control="no-cache" Content-Type="application/octet-stream" Cookie="ARRAffinity=f5e05bdf2b9f554f6980fcc9b91dda07f353abca268c84e1c59b28ab91180ed5; ARRAffinitySameSite=f5e05bdf2b9f554f6980fcc9b91dda07f353abca268c84e1c59b28ab91180ed5" Content-Length="98348890" x-ms-client-request-id="5e6370dd-1022-11f1-a3e4-d0657834ae1c" x-ms-artifact-checksum="be8dea08d9ff90d6abccd5681291e1f629506f4425749d705767c7d165b7f2a1" X-ARR-LOG-ID="5e6370dd-1022-11f1-a3e4-d0657834ae1c" CLIENT-IP="45.115.105.221:65360" X-SITE-DEPLOYMENT-ID="Aloure" WAS-DEFAULT-HOSTNAME="aloure.scm.azurewebsites.net" X-Forwarded-Proto="https" X-AppService-Proto="https" X-Forwarded-TlsVersion="1.3" X-WAWS-Unencoded-URL="/api/publish?type=zip" X-Client-IP="45.115.105.221" X-Client-Port="65360" >
  <step title="Cleanup Xml Logs" date="2026-02-22T19:12:27.604" /><!-- duration: 83ms -->
  <step title="OneDeploy" date="2026-02-22T19:12:30.698" >
    <step title="Starting PushDeployAsync" date="2026-02-22T19:12:32.125" /><!-- duration: 25ms -->
    <step title="Writing artifact to /tmp/zipdeploy/2ebaa4b6-e9f3-439d-b172-8ee109487fc4.zip" date="2026-02-22T19:12:32.246" >
      <step title="Writing multipart request body to /tmp/zipdeploy/2ebaa4b6-e9f3-439d-b172-8ee109487fc4.zip" date="2026-02-22T19:12:32.286" /><!-- duration: 10ms -->
    </step><!-- duration: 71916ms -->
    <step title="Attempting to fetch target branch HEAD" date="2026-02-22T19:13:44.292" /><!-- duration: 8ms -->
    <step title="Acquiring Deployment Lock" date="2026-02-22T19:13:44.393" /><!-- duration: 20ms -->
    <step title="Acquired Deployment Lock" date="2026-02-22T19:13:44.551" /><!-- duration: 31ms -->
    <step title="Performing fetch based deployment" date="2026-02-22T19:13:44.671" >
      <step title="Creating temporary deployment" date="2026-02-22T19:13:44.719" /><!-- duration: 716ms -->
      <step title="Releasing Deployment Lock" date="2026-02-22T19:13:48.673" /><!-- duration: 5ms -->
      <step title="Cleaning up temp folders from previous zip deployments and extracting pushed zip file /tmp/zipdeploy/2ebaa4b6-e9f3-439d-b172-8ee109487fc4.zip (93.79 MB) to /tmp/zipdeploy/extracted" date="2026-02-22T19:13:49.249" 