<step title="Incoming Request" date="2026-02-22T19:30:36.684" instance="f5e05b" url="/api/publish?type=zip" method="POST" type="request" pid="833,1,22" Accept="*/*" Host="aloure.scm.azurewebsites.net" User-Agent="AZURECLI/2.83.0 (MSI)" Accept-Encoding="gzip, deflate" Authorization="Bea..." Cache-Control="no-cache" Content-Type="application/octet-stream" Cookie="ARRAffinity=f5e05bdf2b9f554f6980fcc9b91dda07f353abca268c84e1c59b28ab91180ed5; ARRAffinitySameSite=f5e05bdf2b9f554f6980fcc9b91dda07f353abca268c84e1c59b28ab91180ed5" Content-Length="98348890" x-ms-client-request-id="f271dea4-1024-11f1-a5ba-d0657834ae1c" x-ms-artifact-checksum="be8dea08d9ff90d6abccd5681291e1f629506f4425749d705767c7d165b7f2a1" X-ARR-LOG-ID="f271dea4-1024-11f1-a5ba-d0657834ae1c" CLIENT-IP="45.115.105.221:59536" X-SITE-DEPLOYMENT-ID="Aloure" WAS-DEFAULT-HOSTNAME="aloure.scm.azurewebsites.net" X-Forwarded-Proto="https" X-AppService-Proto="https" X-Forwarded-TlsVersion="1.3" X-WAWS-Unencoded-URL="/api/publish?type=zip" X-Client-IP="45.115.105.221" X-Client-Port="59536" >
  <step title="OneDeploy" date="2026-02-22T19:30:36.822" >
    <step title="Starting PushDeployAsync" date="2026-02-22T19:30:36.833" /><!-- duration: 10ms -->
    <step title="Writing artifact to /tmp/zipdeploy/031019e2-2612-45bd-85c5-49e49e56e6a0.zip" date="2026-02-22T19:30:36.883" >
      <step title="Writing multipart request body to /tmp/zipdeploy/031019e2-2612-45bd-85c5-49e49e56e6a0.zip" date="2026-02-22T19:30:36.904" /><!-- duration: 10ms -->
    </step><!-- duration: 12507ms -->
    <step title="Attempting to fetch target branch HEAD" date="2026-02-22T19:30:49.402" /><!-- duration: 2ms -->
    <step title="Acquiring Deployment Lock" date="2026-02-22T19:30:49.406" /><!-- duration: 3ms -->
    <step title="Acquired Deployment Lock" date="2026-02-22T19:30:49.433" /><!-- duration: 2ms -->
    <step title="Performing fetch based deployment" date="2026-02-22T19:30:49.445" >
      <step title="Creating temporary deployment" date="2026-02-22T19:30:49.447" /><!-- duration: 74ms -->
      <step title="Releasing Deployment Lock" date="2026-02-22T19:30:50.720" /><!-- duration: 6ms -->
      <step title="Cleaning up temp folders from previous zip deployments and extracting pushed zip file /tmp/zipdeploy/031019e2-2612-45bd-85c5-49e49e56e6a0.zip (93.79 MB) to /tmp/zipdeploy/extracted" date="2026-02-22T19:30:50.764" >
        <step title="ChmodRecursive Process exited with total time taken in ms: 407" date="2026-02-22T19:31:06.487" /><!-- duration: 4ms -->
      </step><!-- duration: 15731ms -->
      <step title="None repository commit" date="2026-02-22T19:31:06.497" >
        <step title="Commit id: dde83462-6406-4ed1-8bdb-4d94057af4d8" date="2026-02-22T19:31:06.499" Message="OneDeploy" AuthorName="N/A" AuthorEmail="N/A" /><!-- duration: 2ms -->
      </step><!-- duration: 11ms -->
      <step title="Deployment timer started" date="2026-02-22T19:31:08.511" >
        <step title="DeploymentManager.Deploy(id:dde83462-6406-4ed1-8bdb-4d94057af4d8)" date="2026-02-22T19:31:08.517" >
          <step title="Collecting changeset information" date="2026-02-22T19:31:08.533" /><!-- duration: 97ms -->
          <step title="Updating submodules" date="2026-02-22T19:31:08.633" /><!-- duration: 1121ms -->
          <step title="Determining deployment builder" date="2026-02-22T19:31:09.969" >
            <step title="Builder is OneDeployBuilder" date="2026-02-22T19:31:09.982" /><!-- duration: 2ms -->
          </step><!-- duration: 17ms -->
          <step title="PreDeployment: context.CleanOutputPath False" date="2026-02-22T19:31:10.036" >
            <step title="PreDeployment: context.OutputPath /home/site/wwwroot" date="2026-02-22T19:31:10.163" >
              <step title="Building" date="2026-02-22T19:31:10.310" >
                <step title="Executing external process" date="2026-02-22T19:31:11.124" type="process" path="starter.sh" arguments="/opt/Kudu/Scripts/absoluteTar.sh /tmp/zipdeploy/extracted/node_modules /tmp/zipdeploy/extracted/node_modules.tar.gz" >
                  <step title="Cpu: gzip(1167,44.200s)+sh(1166,0.000s)+tar(1165,1.840s)+absoluteTar.sh(1164,0.010s)=total(46.040s)" date="2026-02-22T19:32:11.558" /><!-- duration: 12ms -->
                  <step title="starter.sh: no io activity for 60s, prev-cpu=-1.000s, current-cpu=46.040s" date="2026-02-22T19:32:11.638" /><!-- duration: 21ms -->
                </step><!-- duration: 81557ms -->
                <step title="Executing external process" date="2026-02-22T19:32:32.924" type="process" path="starter.sh" arguments="/opt/Kudu/Scripts/parallel_rsync.sh /tmp/zipdeploy/extracted /home/site/wwwroot 8 /tmp/ False False node_modules " /><!-- duration: 5289ms -->
                <step title="Modified file to trigger a restart of the app container." date="2026-02-22T19:32:39.185" /><!-- duration: 5ms -->
                <step title="Skip function trigger and logicapp sync because function is not enabled." date="2026-02-22T19:32:39.193" /><!-- duration: 2ms -->
              </step><!-- duration: 89776ms -->
            </step><!-- duration: 89929ms -->
            <step title="Cleaning up temp files" date="2026-02-22T19:32:40.094" /><!-- duration: 3ms -->
            <step title="Cleaning up temp files" date="2026-02-22T19:32:40.100" /><!-- duration: 541ms -->
            <step title="Reloading status file with latest updates" date="2026-02-22T19:32:40.684" >
              <step title="WebHooksManager.PublishEventAsync: PostDeployment" date="2026-02-22T19:32:40.692" /><!-- duration: 39ms -->
            </step><!-- duration: 51ms -->
            <step title="Cleaning up temporary deployment - fetch deployment was successful" date="2026-02-22T19:32:40.744" /><!-- duration: 1ms -->
          </step><!-- duration: 90786ms -->
        </step><!-- duration: 92326ms -->
        <step title="Outgoing response" date="2026-02-22T19:32:40.854" type="response" statusCode="200" statusText="OK" /><!-- duration: 2ms -->
      </step><!-- duration: 92351ms -->
