﻿<?xml version="1.0" encoding="utf-8"?>
<deployment>
  <id>7b68f4325a874aeba603249b5cdacf47</id>
  <author>N/A</author>
  <deployer>OneDeploy</deployer>
  <authorEmail>N/A</authorEmail>
  <message>OneDeploy</message>
  <progress></progress>
  <status>Success</status>
  <statusText></statusText>
  <lastSuccessEndTime>2026-02-22T19:29:26.8967609Z</lastSuccessEndTime>
  <receivedTime>2026-02-22T19:27:10.8960349Z</receivedTime>
  <startTime>2026-02-22T19:27:12.6724887Z</startTime>
  <endTime>2026-02-22T19:29:26.8967609Z</endTime>
  <complete>True</complete>
  <is_temp>False</is_temp>
  <is_readonly>True</is_readonly>
  <containerId>b097b148a5a8</containerId>
  <buildSummary />
</deployment>